progress,timer,time_of_match,team_home,team_away,score,hgoals,ggoals,hthgoals,htggoals,match_id,777url,fhg,shg,fhg_perc,shg_perc,oddsportalurl,pmodd1,pmoddx,pmodd2,fav_home,fav_away
finished,0,0:00,EAC Generals Students,Mapua Cardinals,5 - 0,5,0,,,880378,football/matches/eac-generals-students-mapua-cardinals-04-01-2019-880378,,,,,,,,,,
finished,0,0:15,Fluminense U20,Parnahyba U20,7 - 0,7,0,,,880381,football/matches/fluminense-u20-parnahyba-u20-04-01-2019-880381,,,,,,,,,,
finished,0,0:15,Melbourne Victory U21,Melbourne City U21,2 - 3,2,3,,,878212,football/matches/melbourne-victory-u21-melbourne-city-u21-04-01-2019-878212,,,,,,,,,,
finished,0,0:45,RKSV Centro Dominguito,SV Vesta,1 - 3,1,3,,,880396,football/matches/rksv-centro-dominguito-sv-vesta-04-01-2019-880396,,,,,,,,,,
scheduled,0,10:00,Maccabi Netanya U19,Maccabi Haifa U19,,,,,,879079,football/matches/maccabi-netanya-u19-maccabi-haifa-u19-05-01-2019-879079,,,,,,,,,,
scheduled,0,10:00,Beitar Tel Aviv Ramla U19,Maccabi Herzliya U19,,,,,,879472,football/matches/beitar-tel-aviv-ramla-u19-maccabi-herzliya-u19-05-01-2019-879472,,,,,,,,,,
scheduled,0,10:00,Sektzia Nes Tziona U19,Hapoel Ashkelon U19,,,,,,879475,football/matches/sektzia-nes-tziona-u19-hapoel-ashkelon-u19-05-01-2019-879475,,,,,,,,,,
scheduled,0,10:00,Maccabi Petah Tikva U19,Bnei Yehuda Tel Aviv U19,,,,,,879082,football/matches/maccabi-petah-tikva-u19-bnei-yehuda-tel-aviv-u19-05-01-2019-879082,,,,,,,,,,
scheduled,0,10:00,Maccabi Ironi Kiryat Ata U19,Hapoel Kfar Saba U19,,,,,,879493,football/matches/maccabi-ironi-kiryat-ata-u19-hapoel-kfar-saba-u19-05-01-2019-879493,,,,,,,,,,
scheduled,0,10:15,Hapoel Nir Ramat HaSharon U19,FC Ashdod U19,,,,,,879070,football/matches/hapoel-nir-ramat-hasharon-u19-fc-ashdod-u19-05-01-2019-879070,,,,,,,,,,
scheduled,0,10:30,Pardubice,Chrudim,,,,,,877543,football/matches/pardubice-chrudim-05-01-2019-877543,,,,,,,,,,
scheduled,0,10:30,Doxa Drama U19,Kerkyra U19,,,,,,879916,football/matches/doxa-drama-u19-kerkyra-u19-05-01-2019-879916,,,,,,,,,,
scheduled,0,10:30,Olympic Andisheh U23,Baadraan Tehran U23,,,,,,879100,football/matches/olympic-andisheh-u23-baadraan-tehran-u23-05-01-2019-879100,,,,,,,,,,
scheduled,0,10:30,NK Magra U21,USM El Harrach U21,,,,,,879862,football/matches/nk-magra-u21-usm-el-harrach-u21-05-01-2019-879862,,,,,,,,,,
scheduled,0,10:30,ES Mostaganem U21,JSM Skikda U21,,,,,,879856,football/matches/es-mostaganem-u21-jsm-skikda-u21-05-01-2019-879856,,,,,,,,,,
scheduled,0,10:45,Real Betis (Women),CA Malaga (Women),,,,,,584230,football/matches/real-betis-women-ca-malaga-women-05-01-2019-584230,,,,,,,,,,
scheduled,0,11:00,Afghan FC,Muslim FC,,,,,,817861,football/matches/afghan-fc-muslim-fc-05-01-2019-817861,,,,,,,,,,
scheduled,0,11:00,Karachi Port Trust FC,National Bank of Pakistan,,,,,,793558,football/matches/karachi-port-trust-fc-national-bank-of-pakistan-05-01-2019-793558,,,,,,,,,,
scheduled,0,11:00,AS Intissar Oran (Women),MZ Biskra (Women),,,,,,879670,football/matches/as-intissar-oran-women-mz-biskra-women-05-01-2019-879670,,,,,,,,,,
scheduled,0,11:00,WA Tlemcen U21,USM Blida U21,,,,,,879865,football/matches/wa-tlemcen-u21-usm-blida-u21-05-01-2019-879865,,,,,,,,,,
scheduled,0,11:00,Bangalore Independents,Ade,,,,,,879232,football/matches/bangalore-independents-ade-05-01-2019-879232,,,,,,,,,,
scheduled,0,11:00,Ergotelis U19,Aittitos Spaton U19,,,,,,879922,football/matches/ergotelis-u19-aittitos-spaton-u19-05-01-2019-879922,,,,,,,,,,
scheduled,0,11:00,Ratnam,SL Navy,,,,,,880150,football/matches/ratnam-sl-navy-05-01-2019-880150,,,,,,,,,,
scheduled,0,11:00,Rayo Vallecano (Women),Madrid CFF (Women),,,,,,582952,football/matches/rayo-vallecano-women-madrid-cff-women-05-01-2019-582952,,,,,,,,,,
scheduled,0,11:00,Hapoel Raanana U19,Ironi Sport Hadera U19,,,,,,879073,football/matches/hapoel-raanana-u19-ironi-sport-hadera-u19-05-01-2019-879073,,,,,,,,,,
scheduled,0,11:00,ASEAC (Women),Bejaia (Women),,,,,,879673,football/matches/aseac-women-bejaia-women-05-01-2019-879673,,,,,,,,,,
scheduled,0,11:00,Hapoel Beer Sheva U19,Bnei Sakhnin U19,,,,,,879067,football/matches/hapoel-beer-sheva-u19-bnei-sakhnin-u19-05-01-2019-879067,,,,,,,,,,
scheduled,0,11:00,ESF Amizour (Women),AFAK Relizane (Women),,,,,,880147,football/matches/esf-amizour-women-afak-relizane-women-05-01-2019-880147,,,,,,,,,,
scheduled,0,11:00,Maccabi Tel Aviv U19,Beitar Jerusalem U19,,,,,,879061,football/matches/maccabi-tel-aviv-u19-beitar-jerusalem-u19-05-01-2019-879061,,,,,,,,,,
scheduled,0,11:30,Naft Tehran U23,Arvand Charkh Shemiran U23,,,,,,879088,football/matches/naft-tehran-u23-arvand-charkh-shemiran-u23-05-01-2019-879088,,,,,,,,,,
scheduled,0,11:30,Niroomandan Namdar U23,Persepolis U23,,,,,,879091,football/matches/niroomandan-namdar-u23-persepolis-u23-05-01-2019-879091,,,,,,,,,,
scheduled,0,11:30,Niroye Zamini U23,Etihad Salar U23,,,,,,879094,football/matches/niroye-zamini-u23-etihad-salar-u23-05-01-2019-879094,,,,,,,,,,
scheduled,0,11:30,Oghab U23,Datis Khodro U23,,,,,,879097,football/matches/oghab-u23-datis-khodro-u23-05-01-2019-879097,,,,,,,,,,
scheduled,0,11:30,Pamplona,Pena Sport,,,,,,879319,football/matches/pamplona-pena-sport-05-01-2019-879319,,,,,,,,,,
scheduled,0,11:30,SD Deusto,San ignacio,,,,,,879274,football/matches/sd-deusto-san-ignacio-05-01-2019-879274,,,,,,,,,,
scheduled,0,11:30,Moghavemat Tehran U23,Paykan U23,,,,,,879085,football/matches/moghavemat-tehran-u23-paykan-u23-05-01-2019-879085,,,,,,,,,,
scheduled,0,11:45,Sao Carlos Sp U20,Atlantico EC U20,,,,,,879208,football/matches/sao-carlos-sp-u20-atlantico-ec-u20-05-01-2019-879208,,,,,,,,,,
scheduled,0,11:45,Taquaritinga SP U20,Boavista RJ U20,,,,,,879178,football/matches/taquaritinga-sp-u20-boavista-rj-u20-05-01-2019-879178,,,,,,,,,,
scheduled,0,12:00,Bidco United,Migori (Youth),,,,,,879880,football/matches/bidco-united-migori-youth-05-01-2019-879880,,,,,,,,,,
scheduled,0,12:00,CD Roda,Atletico Saguntino,,,,,,879241,football/matches/cd-roda-atletico-saguntino-05-01-2019-879241,,,,,,,,,,
scheduled,0,12:00,UE Figueres,UA Horta,,,,,,880399,football/matches/ue-figueres-ua-horta-05-01-2019-880399,,,,,,,,,,
scheduled,0,12:00,Llagostera,Pobla de Mafumet,,,,,,879316,football/matches/llagostera-pobla-de-mafumet-05-01-2019-879316,,,,,,,,,,
scheduled,0,12:00,Apollon Pontou U19,Iraklis U19,,,,,,879919,football/matches/apollon-pontou-u19-iraklis-u19-05-01-2019-879919,,,,,,,,,,
scheduled,0,12:00,Reus Deportiu II,Santfeliuenc,,,,,,880402,football/matches/reus-deportiu-ii-santfeliuenc-05-01-2019-880402,,,,,,,,,,
scheduled,0,12:00,Birmingham City U23,Barnsley U23,,,,,,879877,football/matches/birmingham-city-u23-barnsley-u23-05-01-2019-879877,,,,,,,,,,
scheduled,0,12:00,Marítimo U23,Feirense U23,,,,,,879409,football/matches/maritimo-u23-feirense-u23-05-01-2019-879409,,,,,,,,,,
scheduled,0,12:00,Futbol Club Martinenc,CE Europa,,,,,,879307,football/matches/futbol-club-martinenc-ce-europa-05-01-2019-879307,,,,,,,,,,
scheduled,0,12:00,Atletico San Cristobal,Cerdanyola del Valles,,,,,,879304,football/matches/atletico-san-cristobal-cerdanyola-del-valles-05-01-2019-879304,,,,,,,,,,
scheduled,0,12:00,Varea,Oyonesa,,,,,,879331,football/matches/varea-oyonesa-05-01-2019-879331,,,,,,1.33,4.35,5.75,,
scheduled,0,12:00,Club Portugalete,Santutxu,,,,,,879268,football/matches/club-portugalete-santutxu-05-01-2019-879268,,,,,,,,,,
scheduled,0,12:00,Santboia,Vilafranca,,,,,,879310,football/matches/santboia-vilafranca-05-01-2019-879310,,,,,,5.3,4.0,1.4,,
scheduled,0,12:00,Vitoria Guimaraes U23,Academica de Coimbra U23,,,,,,879406,football/matches/vitoria-guimaraes-u23-academica-de-coimbra-u23-05-01-2019-879406,,,,,,,,,,
scheduled,0,12:00,Viktoria U19,Union Viera U19,,,,,,880471,football/matches/viktoria-u19-union-viera-u19-05-01-2019-880471,,,,,,,,,,
scheduled,0,12:00,Almeria,Mallorca,,,,,,869776,football/matches/almeria-mallorca-05-01-2019-869776,,,,,,,,,,
scheduled,0,12:00,Real Sociedad (Women),CDEF Logrono (Women),,,,,,582850,football/matches/real-sociedad-women-cdef-logrono-women-05-01-2019-582850,,,,,,,,,,
scheduled,0,12:00,RC Kouba U21,A Bou Saada U21,,,,,,879859,football/matches/rc-kouba-u21-a-bou-saada-u21-05-01-2019-879859,,,,,,,,,,
scheduled,0,12:00,Estoril U23,Braga U23,,,,,,879418,football/matches/estoril-u23-braga-u23-05-01-2019-879418,,,,,,2.4,3.4,2.5,,
scheduled,0,12:00,Cova da Piedade U23,Benfica U23,,,,,,879415,football/matches/cova-da-piedade-u23-benfica-u23-05-01-2019-879415,,,,,,,,,,
scheduled,0,12:00,Laguna U19,Acodetti U19,,,,,,880129,football/matches/laguna-u19-acodetti-u19-05-01-2019-880129,,,,,,,,,,
scheduled,0,12:15,Atzeneta,Novelda,,,,,,879238,football/matches/atzeneta-novelda-05-01-2019-879238,,,,,,,,,,
scheduled,0,13:00,Bastia,Concarneau,,,,,,854719,football/matches/bastia-concarneau-05-01-2019-854719,x,x,80.0,80.0,,2.85,3.3,2.38,,x
scheduled,0,13:00,Marignane,Clermont,,,,,,869947,football/matches/marignane-clermont-05-01-2019-869947,,,,,,3.4,3.2,2.1,,x
scheduled,0,13:00,Croix,Raon L' Etape,,,,,,857968,football/matches/croix-raon-l-etape-05-01-2019-857968,,,,,,,,,,
scheduled,0,13:00,Tours,Les Herbiers,,,,,,869557,football/matches/tours-les-herbiers-05-01-2019-869557,,x,,80.0,,1.85,3.15,4.4,x,
scheduled,0,13:00,Inter de Limeira,Caldense,,,,,,880072,football/matches/inter-de-limeira-caldense-05-01-2019-880072,,,,,,,,,,
scheduled,0,13:00,Viry-Chatillon,Angers,,,,,,873244,football/matches/viry-chatillon-angers-05-01-2019-873244,,,,,,26.0,13.0,1.04,,
scheduled,0,13:00,Real Valladolid,Rayo Vallecano,,,,,,861277,football/matches/real-valladolid-rayo-vallecano-05-01-2019-861277,,,,,,,,,,
scheduled,0,13:00,Beitar Nes Tubruk U19,Hapoel Kiryat Shmona U19,,,,,,879064,football/matches/beitar-nes-tubruk-u19-hapoel-kiryat-shmona-u19-05-01-2019-879064,,,,,,,,,,
scheduled,0,13:00,Sofapaka,Tusker,,,,,,879508,football/matches/sofapaka-tusker-05-01-2019-879508,,x,,72.0,,2.5,2.8,2.8,,
scheduled,0,13:00,Shabana,Wazito,,,,,,879883,football/matches/shabana-wazito-05-01-2019-879883,,,,,,,,,,
scheduled,0,13:00,Al Sadaka Club,Gaza Sporting Club,,,,,,878305,football/matches/al-sadaka-club-gaza-sporting-club-05-01-2019-878305,,,,,,,,,,
scheduled,0,13:00,Al Ettifaq,Al Draih,,,,,,879820,football/matches/al-ettifaq-al-draih-05-01-2019-879820,,,,,,,,,,
scheduled,0,13:00,Al Khaleej,Al-Muzahmiyah,,,,,,879823,football/matches/al-khaleej-al-muzahmiyah-05-01-2019-879823,,,,,,,,,,
scheduled,0,13:00,Al Ittifaq Dammam U19,Al Hilal Riyadh U19,,,,,,879907,football/matches/al-ittifaq-dammam-u19-al-hilal-riyadh-u19-05-01-2019-879907,,,,,,,,,,
scheduled,0,13:00,Atl. Madrid (Women),Athletic Bilbao (Women),,,,,,582280,football/matches/atl-madrid-women-athletic-bilbao-women-05-01-2019-582280,,,,,,,,,,
scheduled,0,13:00,Marino U19,Sobradillo U19,,,,,,880135,football/matches/marino-u19-sobradillo-u19-05-01-2019-880135,,,,,,,,,,
scheduled,0,13:00,Las Palmas U19,Maspalomas U19,,,,,,880138,football/matches/las-palmas-u19-maspalomas-u19-05-01-2019-880138,,,,,,,,,,
scheduled,0,13:00,Terrassa,UE Sants,,,,,,879313,football/matches/terrassa-ue-sants-05-01-2019-879313,,,,,,1.33,4.35,5.75,,
scheduled,0,13:00,Prostejov,Tatran Presov,,,,,,877783,football/matches/prostejov-tatran-presov-05-01-2019-877783,,,,,,,,,,
scheduled,0,13:00,Chelsea U23,Blackburn Rovers U23,,,,,,879817,football/matches/chelsea-u23-blackburn-rovers-u23-05-01-2019-879817,,,,,,,,,,
scheduled,0,13:00,Maccabi Bnei Reina,Hapoel Daliyat Al Karmel,,,,,,880474,football/matches/maccabi-bnei-reina-hapoel-daliyat-al-karmel-05-01-2019-880474,,,,,,,,,,
scheduled,0,13:15,Indera,MS PDB,,,,,,879511,football/matches/indera-ms-pdb-05-01-2019-879511,,,,,,,,,,
scheduled,0,13:20,Al-Hilal Riyadh,Al Drae,,,,,,879829,football/matches/al-hilal-riyadh-al-drae-05-01-2019-879829,,,,,,,,,,
scheduled,0,13:20,Al Shabab Riyadh U19,Al-Nassr Riyadh U19,,,,,,879913,football/matches/al-shabab-riyadh-u19-al-nassr-riyadh-u19-05-01-2019-879913,,,,,,,,,,
scheduled,0,13:30,Bournemouth,Brighton & Hove Albion,,,,,,843334,football/matches/bournemouth-brighton-hove-albion-05-01-2019-843334,,,,,,,,,,
scheduled,0,13:30,Manchester United,Reading,,,,,,843268,football/matches/manchester-united-reading-05-01-2019-843268,,x,,80.0,,,,,,
scheduled,0,13:30,West Ham United,Birmingham City,,,,,,843313,football/matches/west-ham-united-birmingham-city-05-01-2019-843313,,,,,,,,,,
scheduled,0,13:30,Burnley,Barnsley,,,,,,843271,football/matches/burnley-barnsley-05-01-2019-843271,,,,,,1.8,3.8,4.0,x,
scheduled,0,13:30,West Bromwich Albion,Wigan Athletic,,,,,,843346,football/matches/west-bromwich-albion-wigan-athletic-05-01-2019-843346,,,,,,,,,,
scheduled,0,13:30,Maccabi Tzeirei Shfaram,Ihud Bnei Majd al-Krum,,,,,,879118,football/matches/maccabi-tzeirei-shfaram-ihud-bnei-majd-al-krum-05-01-2019-879118,,,,,,,,,,
scheduled,0,13:30,Olympiakos Nicosia,Karmiotissa Polemidion,,,,,,877069,football/matches/olympiakos-nicosia-karmiotissa-polemidion-05-01-2019-877069,,,,,,,,,,
scheduled,0,13:30,Omonia Aradippou,Onisilos Sotira,,,,,,822031,football/matches/omonia-aradippou-onisilos-sotira-05-01-2019-822031,,,,,,,,,,
scheduled,0,13:30,Anagennisi Derynia,Ayia Napa,,,,,,626754,football/matches/anagennisi-derynia-ayia-napa-05-01-2019-626754,,,,,,,,,,
scheduled,0,13:30,Shrewsbury Town,Stoke City,,,,,,843343,football/matches/shrewsbury-town-stoke-city-05-01-2019-843343,,,,,,,,,,
scheduled,0,13:30,Asil Lysis,EN Thoi Lakatamias,,,,,,622155,football/matches/asil-lysis-en-thoi-lakatamias-05-01-2019-622155,,,,,,,,,,
scheduled,0,13:30,Othellos Athienou,Akritas Chlorakas,,,,,,622059,football/matches/othellos-athienou-akritas-chlorakas-05-01-2019-622059,,,,,,,,,,
scheduled,0,13:30,Esperance,Jeunesse Esch,,,,,,879847,football/matches/esperance-jeunesse-esch-05-01-2019-879847,,,,,,,,,,
scheduled,0,13:30,UR,Sorwathe,,,,,,879850,football/matches/ur-sorwathe-05-01-2019-879850,,,,,,,,,,
scheduled,0,13:30,Miroplast,Giticy Inyoni,,,,,,879853,football/matches/miroplast-giticy-inyoni-05-01-2019-879853,,,,,,,,,,
scheduled,0,13:30,El Daklyeh,Ismaily,,,,,,874060,football/matches/el-daklyeh-ismaily-05-01-2019-874060,,x,,71.0,,,,,,
scheduled,0,13:30,Elpida Astromeriti,Omonia Nicosia,,,,,,877057,football/matches/elpida-astromeriti-omonia-nicosia-05-01-2019-877057,,,,,,,,,,
scheduled,0,13:30,Halkanoras,ENAD Polis Chrysochous,,,,,,877054,football/matches/halkanoras-enad-polis-chrysochous-05-01-2019-877054,,,,,,,,,,
scheduled,0,13:30,Ilves,Tampere,,,,,,880066,football/matches/ilves-tampere-05-01-2019-880066,,,,,,,,,,
scheduled,0,13:30,Sheffield Wednesday,Luton Town,,,,,,843337,football/matches/sheffield-wednesday-luton-town-05-01-2019-843337,,,,,,,,,,
scheduled,0,13:50,Alwatani,AL Ansar,,,,,,879832,football/matches/alwatani-al-ansar-05-01-2019-879832,,,,,,,,,,
scheduled,0,14:00,Ye Ethiopia Bunna,Shire Endaselassie,,,,,,879112,football/matches/ye-ethiopia-bunna-shire-endaselassie-05-01-2019-879112,,,,,,,,,,
scheduled,0,14:00,Guarani SP U20,Bahia U20,,,,,,879781,football/matches/guarani-sp-u20-bahia-u20-05-01-2019-879781,,,,,,,,,,
scheduled,0,14:00,Ergotelis,Apollon Larissa,,,,,,786358,football/matches/ergotelis-apollon-larissa-05-01-2019-786358,,x,,76.0,,1.62,3.6,4.6,x,
scheduled,0,14:00,Panachaiki,Trikala,,,,,,815140,football/matches/panachaiki-trikala-05-01-2019-815140,,,,,,,,,,
scheduled,0,14:00,Kissamikos,Iraklis,,,,,,816346,football/matches/kissamikos-iraklis-05-01-2019-816346,x,,76.0,,,,,,,
scheduled,0,14:00,Criciúma U20,America MG U20,,,,,,879184,football/matches/criciuma-u20-america-mg-u20-05-01-2019-879184,,,,,,2.2,4.0,2.65,x,
scheduled,0,14:00,Co Mednine,ES Jerba Midoun,,,,,,880114,football/matches/co-mednine-es-jerba-midoun-05-01-2019-880114,,,,,,,,,,
scheduled,0,14:00,K-Jinja SSS,Uganda Revenue Authority FC,,,,,,879403,football/matches/k-jinja-sss-uganda-revenue-authority-fc-05-01-2019-879403,,,,,,,,,,
scheduled,0,14:00,AS Slimane,Seliana,,,,,,880099,football/matches/as-slimane-seliana-05-01-2019-880099,,,,,,,,,,
scheduled,0,14:00,CS Korba,Oued Ellil,,,,,,880102,football/matches/cs-korba-oued-ellil-05-01-2019-880102,,,,,,,,,,
scheduled,0,14:00,Lipuli FC,Coastal Union,,,,,,880561,football/matches/lipuli-fc-coastal-union-05-01-2019-880561,,,,,,,,,,
scheduled,0,14:00,Hammam Sousse,AS Kasserine,,,,,,880108,football/matches/hammam-sousse-as-kasserine-05-01-2019-880108,,,,,,,,,,
scheduled,0,14:00,EGS Gafsa,CS Jebeniana,,,,,,880105,football/matches/egs-gafsa-cs-jebeniana-05-01-2019-880105,,,,,,,,,,
scheduled,0,14:00,AS Marsa,AS Ariana,,,,,,880096,football/matches/as-marsa-as-ariana-05-01-2019-880096,,,,,,,,,,
scheduled,0,14:00,Mbao,Alliance,,,,,,880564,football/matches/mbao-alliance-05-01-2019-880564,,,,,,,,,,
scheduled,0,14:00,Menzel Bourguiba,Jendouba Sport,,,,,,880117,football/matches/menzel-bourguiba-jendouba-sport-05-01-2019-880117,,,,,,,,,,
scheduled,0,14:00,ES Rades,OC Kerkennah,,,,,,880111,football/matches/es-rades-oc-kerkennah-05-01-2019-880111,,,,,,,,,,
scheduled,0,14:00,Sfaxien,Sporting Ben Arous,,,,,,880120,football/matches/sfaxien-sporting-ben-arous-05-01-2019-880120,,,,,,,,,,
scheduled,0,14:00,Olympique de Beja,Sfax Railways,,,,,,880123,football/matches/olympique-de-beja-sfax-railways-05-01-2019-880123,,,,,,,,,,
scheduled,0,14:15,Thika United,Ushuru,,,,,,879886,football/matches/thika-united-ushuru-05-01-2019-879886,,,,,,,,,,
scheduled,0,14:30,Marines,Mukura Victory Sports,,,,,,879667,football/matches/marines-mukura-victory-sports-05-01-2019-879667,,,,,,,,,,
scheduled,0,14:30,A.S. Kigali,Espoir,,,,,,879496,football/matches/a-s-kigali-espoir-05-01-2019-879496,,,,,,,,,,
scheduled,0,14:30,Knockbreda,Strabane Athletic FC,,,,,,879706,football/matches/knockbreda-strabane-athletic-fc-05-01-2019-879706,,,,,,,,,,
scheduled,0,14:30,Witbank Spurs,cape Umoya United Fc,,,,,,636483,football/matches/witbank-spurs-cape-umoya-united-fc-05-01-2019-636483,,,,,,,,,,
scheduled,0,14:30,Ubuntu Cape Town FC,Ajax Cape Town,,,,,,845881,football/matches/ubuntu-cape-town-fc-ajax-cape-town-05-01-2019-845881,,,,,,,,,,
scheduled,0,14:30,Tshakhuma,Uthongathi,,,,,,876451,football/matches/tshakhuma-uthongathi-05-01-2019-876451,,,,,,2.0,3.05,3.4,x,
scheduled,0,14:30,ASD Anima e Corpo Orobica (Women),UPC Tavagnacco (Women),,,,,,879340,football/matches/asd-anima-e-corpo-orobica-women-upc-tavagnacco-women-05-01-2019-879340,,,,,,,,,,
scheduled,0,14:30,Mozzanica (Women),Fiorentina (Women),,,,,,879337,football/matches/mozzanica-women-fiorentina-women-05-01-2019-879337,,,,,,,,,,
scheduled,0,14:30,Florentia (Women),Bardolino Verona (Women),,,,,,879334,football/matches/florentia-women-bardolino-verona-women-05-01-2019-879334,,,,,,,,,,
scheduled,0,14:30,Paradou AC U21,MC Alger U21,,,,,,879058,football/matches/paradou-ac-u21-mc-alger-u21-05-01-2019-879058,,,,,,,,,,
scheduled,0,14:55,Al Ittihad U19,Al Ahli Jeddah U19,,,,,,879910,football/matches/al-ittihad-u19-al-ahli-jeddah-u19-05-01-2019-879910,,,,,,,,,,
scheduled,0,15:00,Blarney United,Leeside AFC,,,,,,879901,football/matches/blarney-united-leeside-afc-05-01-2019-879901,,,,,,,,,,
scheduled,0,15:00,Mayfield United,College Corinthians,,,,,,879838,football/matches/mayfield-united-college-corinthians-05-01-2019-879838,,,,,,,,,,
scheduled,0,15:00,Waalwijk,Katwijk,,,,,,879640,football/matches/waalwijk-katwijk-05-01-2019-879640,,,,,,,,,,
scheduled,0,15:00,Deportivo Mixco,Comunicaciones,,,,,,880069,football/matches/deportivo-mixco-comunicaciones-05-01-2019-880069,,,,,,,,,,
scheduled,0,15:00,Hapoel Kiryat Shmona,Hapoel Tel Aviv,,,,,,519315,football/matches/hapoel-kiryat-shmona-hapoel-tel-aviv-05-01-2019-519315,,,,,,,,,,
scheduled,0,15:00,Pontypridd Town,Goytre United,,,,,,778987,football/matches/pontypridd-town-goytre-united-05-01-2019-778987,,,,,,,,,,
scheduled,0,15:00,Ammanford,Cwmamman United,,,,,,834001,football/matches/ammanford-cwmamman-united-05-01-2019-834001,,,,,,,,,,
scheduled,0,15:00,Stade Pontivyen,Guingamp,,,,,,854728,football/matches/stade-pontivyen-guingamp-05-01-2019-854728,,,,,,,,,,
scheduled,0,15:00,Bergerac,Niort,,,,,,873250,football/matches/bergerac-niort-05-01-2019-873250,,,,,,5.5,3.85,1.57,,x
scheduled,0,15:00,Lyon Duchere,Nimes,,,,,,869554,football/matches/lyon-duchere-nimes-05-01-2019-869554,,,,,,4.2,3.15,1.92,,x
scheduled,0,15:00,Sannois Saint-Gratien,Montpellier,,,,,,869962,football/matches/sannois-saint-gratien-montpellier-05-01-2019-869962,,,,,,,,,,
scheduled,0,15:00,Le Puy,Nancy,,,,,,877351,football/matches/le-puy-nancy-05-01-2019-877351,,,,,,3.75,3.5,1.9,,x
scheduled,0,15:00,Bravos Maqui,Recreativo Da Caala,,,,,,871840,football/matches/bravos-maqui-recreativo-da-caala-05-01-2019-871840,,,,,,,,,,
scheduled,0,15:00,Kouba,A Bou Saada,,,,,,878167,football/matches/kouba-a-bou-saada-05-01-2019-878167,,,,,,,,,,
scheduled,0,15:00,Amiens SC,Valenciennes,,,,,,857971,football/matches/amiens-sc-valenciennes-05-01-2019-857971,,,,,,,,,,
scheduled,0,15:00,Afan Lido,Haverfordwest,,,,,,670904,football/matches/afan-lido-haverfordwest-05-01-2019-670904,,,,,,,,,,
scheduled,0,15:00,Magra,USM EL Harrach,,,,,,812596,football/matches/magra-usm-el-harrach-05-01-2019-812596,,,,,,,,,,
scheduled,0,15:30,Antwerp,Excelsior Virton,,,,,,879763,football/matches/antwerp-excelsior-virton-05-01-2019-879763,,,,,,,,,,
scheduled,0,15:30,Conquense,Alcoyano,,,,,,878503,football/matches/conquense-alcoyano-05-01-2019-878503,,x,,75.0,,2.25,3.0,3.0,x,
scheduled,0,15:30,Cefn Druids,Barry Town,,,,,,537255,football/matches/cefn-druids-barry-town-05-01-2019-537255,,,,,,,,,,
scheduled,0,15:30,Llanelli,Llandudno,,,,,,739684,football/matches/llanelli-llandudno-05-01-2019-739684,x,x,73.0,81.0,,3.35,3.45,2.0,,x
scheduled,0,15:30,Guilsfield Athletic,Conwy Borough,,,,,,829876,football/matches/guilsfield-athletic-conwy-borough-05-01-2019-829876,,,,,,,,,,
scheduled,0,15:30,Leganes B,RCD Carabanchel,,,,,,879283,football/matches/leganes-b-rcd-carabanchel-05-01-2019-879283,,,,,,,,,,
scheduled,0,15:45,UD Samano,Atletico Albericia,,,,,,879301,football/matches/ud-samano-atletico-albericia-05-01-2019-879301,,,,,,2.2,3.05,2.7,x,
scheduled,0,16:00,Athletic Bilbao B,CD Vitoria,,,,,,877948,football/matches/athletic-bilbao-b-cd-vitoria-05-01-2019-877948,,,,,,,,,,
scheduled,0,16:00,Villarreal B,Badalona,,,,,,878500,football/matches/villarreal-b-badalona-05-01-2019-878500,,,,,,1.6,3.5,5.0,x,
scheduled,0,16:00,Cliftonville,Dungannon  Swifts,,,,,,880093,football/matches/cliftonville-dungannon-swifts-05-01-2019-880093,,,,,,,,,,
scheduled,0,16:00,Linfield Swifts,Ballyclare Comrades,,,,,,880090,football/matches/linfield-swifts-ballyclare-comrades-05-01-2019-880090,,,,,,,,,,
scheduled,0,16:00,Institute,Warrenpoint Town,,,,,,880087,football/matches/institute-warrenpoint-town-05-01-2019-880087,,,,,,,,,,
scheduled,0,16:00,Crusaders,Glentoran,,,,,,880084,football/matches/crusaders-glentoran-05-01-2019-880084,,,,,,1.34,4.5,7.0,,
scheduled,0,16:00,Gateshead,Maidenhead United,,,,,,559341,football/matches/gateshead-maidenhead-united-05-01-2019-559341,,,,,,,,,,
scheduled,0,16:00,Mora CF,Toledo,,,,,,879322,football/matches/mora-cf-toledo-05-01-2019-879322,,,,,,2.43,3.05,2.43,,
scheduled,0,16:00,Glenavon,Rosemount Recreation Fc,,,,,,879718,football/matches/glenavon-rosemount-recreation-fc-05-01-2019-879718,,,,,,,,,,
scheduled,0,16:00,Coleraine,Welders,,,,,,879715,football/matches/coleraine-welders-05-01-2019-879715,,,,,,,,,,
scheduled,0,16:00,CA Pulpileno,Mazarron,,,,,,879250,football/matches/ca-pulpileno-mazarron-05-01-2019-879250,,,,,,,,,,
scheduled,0,16:00,AD Parla,SR Villaverde Boetticher CF,,,,,,879277,football/matches/ad-parla-sr-villaverde-boetticher-cf-05-01-2019-879277,,,,,,,,,,
scheduled,0,16:00,Laredo,Tropezon,,,,,,879298,football/matches/laredo-tropezon-05-01-2019-879298,,,,,,1.88,3.15,3.3,x,
scheduled,0,16:00,Praviano,Marino de Luanco,,,,,,879328,football/matches/praviano-marino-de-luanco-05-01-2019-879328,,,,,,2.95,2.95,2.1,,x
scheduled,0,16:00,Olimpic de Xativa,Eldense,,,,,,879244,football/matches/olimpic-de-xativa-eldense-05-01-2019-879244,,,,,,,,,,
scheduled,0,16:00,Ards II,Carrick Rangers,,,,,,879709,football/matches/ards-ii-carrick-rangers-05-01-2019-879709,,,,,,,,,,
scheduled,0,16:00,Loughgall,Crumlin Star,,,,,,879703,football/matches/loughgall-crumlin-star-05-01-2019-879703,,,,,,,,,,
scheduled,0,16:00,Dergview,Maiden City,,,,,,879721,football/matches/dergview-maiden-city-05-01-2019-879721,,,,,,,,,,
scheduled,0,16:00,Dundela,Ballymena United,,,,,,879712,football/matches/dundela-ballymena-united-05-01-2019-879712,,,,,,,,,,
scheduled,0,16:00,Dundee United,Partick Thistle,,,,,,492180,football/matches/dundee-united-partick-thistle-05-01-2019-492180,,,,,,,,,,
scheduled,0,16:00,Porto B,Benfica B,,,,,,541650,football/matches/porto-b-benfica-b-05-01-2019-541650,,,,,,,,,,
scheduled,0,16:00,Dunfermline Athletic,Alloa Athletic,,,,,,499092,football/matches/dunfermline-athletic-alloa-athletic-05-01-2019-499092,,,,,,,,,,
scheduled,0,16:00,Ayr United,Falkirk,,,,,,499221,football/matches/ayr-united-falkirk-05-01-2019-499221,,x,,81.0,,,,,,
scheduled,0,16:00,Queretaro U20,Atlas U20,,,,,,879343,football/matches/queretaro-u20-atlas-u20-05-01-2019-879343,,,,,,,,,,
scheduled,0,16:00,Raith Rovers,Stenhousemuir,,,,,,493809,football/matches/raith-rovers-stenhousemuir-05-01-2019-493809,x,x,86.0,79.0,,,,,,
scheduled,0,16:00,Stranraer,Montrose,,,,,,493836,football/matches/stranraer-montrose-05-01-2019-493836,x,x,85.0,77.0,,2.3,3.25,2.8,x,
scheduled,0,16:00,Dumbarton,Forfar Athletic,,,,,,494637,football/matches/dumbarton-forfar-athletic-05-01-2019-494637,x,x,81.0,88.0,,2.05,3.4,3.15,x,
scheduled,0,16:00,Arbroath,Brechin City,,,,,,498873,football/matches/arbroath-brechin-city-05-01-2019-498873,,,,,,,,,,
scheduled,0,16:00,East Fife,Airdrieonians,,,,,,502491,football/matches/east-fife-airdrieonians-05-01-2019-502491,x,x,79.0,88.0,,2.3,3.6,2.6,x,
scheduled,0,16:00,Cowdenbeath,Berwick Rangers,,,,,,494016,football/matches/cowdenbeath-berwick-rangers-05-01-2019-494016,x,x,86.0,81.0,,,,,,
scheduled,0,16:00,Edinburgh City,Stirling Albion,,,,,,494268,football/matches/edinburgh-city-stirling-albion-05-01-2019-494268,,x,,75.0,,,,,,
scheduled,0,16:00,Annan Athletic,Elgin City,,,,,,494373,football/matches/annan-athletic-elgin-city-05-01-2019-494373,,,,,,,,,,
scheduled,0,16:00,AEL Limassol,Pafos,,,,,,564885,football/matches/ael-limassol-pafos-05-01-2019-564885,,,,,,1.3,4.3,7.5,,
scheduled,0,16:00,Peterhead,Clyde,,,,,,502722,football/matches/peterhead-clyde-05-01-2019-502722,x,x,74.0,92.0,,1.72,4.1,3.65,x,
scheduled,0,16:00,Queens Park,Albion Rovers,,,,,,512289,football/matches/queens-park-albion-rovers-05-01-2019-512289,,,,,,,,,,
scheduled,0,16:00,Penafiel U19,Lamego U19,,,,,,879448,football/matches/penafiel-u19-lamego-u19-05-01-2019-879448,,,,,,,,,,
scheduled,0,16:00,Varzim U19,Moreirense U19,,,,,,879463,football/matches/varzim-u19-moreirense-u19-05-01-2019-879463,,,,,,,,,,
scheduled,0,16:00,Estoril Praia U19,Academica de Coimbra U19,,,,,,879433,football/matches/estoril-praia-u19-academica-de-coimbra-u19-05-01-2019-879433,,,,,,,,,,
scheduled,0,16:00,Belenenses U19,Tondela U19,,,,,,879424,football/matches/belenenses-u19-tondela-u19-05-01-2019-879424,,,,,,,,,,
scheduled,0,16:00,Uniao de Leiria U19,Marítimo U19,,,,,,879460,football/matches/uniao-de-leiria-u19-maritimo-u19-05-01-2019-879460,,,,,,,,,,
scheduled,0,16:00,Amarante U19,FC Cesarense U19,,,,,,879421,football/matches/amarante-u19-fc-cesarense-u19-05-01-2019-879421,,,,,,,,,,
scheduled,0,16:00,Feirense U19,SC Freamunde U19,,,,,,879436,football/matches/feirense-u19-sc-freamunde-u19-05-01-2019-879436,,,,,,,,,,
scheduled,0,16:00,Benfica U19,Sporting U19,,,,,,879457,football/matches/benfica-u19-sporting-u19-05-01-2019-879457,,,,,,,,,,
scheduled,0,16:00,Vitoria Guimaraes U19,Chaves U19,,,,,,879442,football/matches/vitoria-guimaraes-u19-chaves-u19-05-01-2019-879442,,,,,,,,,,
scheduled,0,16:00,Gil Vicente U19,Beira Mar Almada U19,,,,,,879439,football/matches/gil-vicente-u19-beira-mar-almada-u19-05-01-2019-879439,,,,,,,,,,
scheduled,0,16:00,Boavista U19,Leixoes U19,,,,,,879427,football/matches/boavista-u19-leixoes-u19-05-01-2019-879427,,,,,,,,,,
scheduled,0,16:00,Espinho U19,Abambres U19,,,,,,879454,football/matches/espinho-u19-abambres-u19-05-01-2019-879454,,,,,,,,,,
scheduled,0,16:00,Rio Ave U19,Paços de Ferreira U19,,,,,,879451,football/matches/rio-ave-u19-pacos-de-ferreira-u19-05-01-2019-879451,,,,,,,,,,
scheduled,0,16:00,Vitoria Setubal U19,Futebol Clube Alverca U19,,,,,,879466,football/matches/vitoria-setubal-u19-futebol-clube-alverca-u19-05-01-2019-879466,,,,,,,,,,
scheduled,0,16:00,Braga U19,Porto U19,,,,,,879430,football/matches/braga-u19-porto-u19-05-01-2019-879430,,,,,,,,,,
scheduled,0,16:00,Inverness,Queen of The South,,,,,,492057,football/matches/inverness-queen-of-the-south-05-01-2019-492057,,,,,,,,,,
scheduled,0,16:00,Leon U20,Tigres U20,,,,,,877393,football/matches/leon-u20-tigres-u20-05-01-2019-877393,,,,,,,,,,
scheduled,0,16:00,Leyton Orient,Salford City,,,,,,559470,football/matches/leyton-orient-salford-city-05-01-2019-559470,,,,,,,,,,
scheduled,0,16:00,Ballinamallard United,Psni,,,,,,879724,football/matches/ballinamallard-united-psni-05-01-2019-879724,,,,,,,,,,
scheduled,0,16:00,Middlesbrough,Peterborough United,,,,,,857989,football/matches/middlesbrough-peterborough-united-05-01-2019-857989,,,,,,,,,,
scheduled,0,16:00,Brentford,Oxford United,,,,,,843277,football/matches/brentford-oxford-united-05-01-2019-843277,,,,,,,,,,
scheduled,0,16:00,Aston Villa,Swansea City,,,,,,843283,football/matches/aston-villa-swansea-city-05-01-2019-843283,,,,,,,,,,
scheduled,0,16:00,Accrington Stanley,Ipswich Town,,,,,,843280,football/matches/accrington-stanley-ipswich-town-05-01-2019-843280,,,,,,,,,,
scheduled,0,16:00,Hornchurch,Dorking Wanderers,,,,,,622608,football/matches/hornchurch-dorking-wanderers-05-01-2019-622608,,,,,,,,,,
scheduled,0,16:00,Enfield Town,Lewes,,,,,,843631,football/matches/enfield-town-lewes-05-01-2019-843631,x,x,76.0,76.0,,1.97,3.55,2.8,x,
scheduled,0,16:00,Brackley Town,Ashton Utd,,,,,,560067,football/matches/brackley-town-ashton-utd-05-01-2019-560067,,,,,,,,,,
scheduled,0,16:00,Darlington,Kidderminster Harriers,,,,,,560346,football/matches/darlington-kidderminster-harriers-05-01-2019-560346,,,,,,,,,,
scheduled,0,16:00,Telford United,Spennymoor Town,,,,,,560505,football/matches/telford-united-spennymoor-town-05-01-2019-560505,,,,,,,,,,
scheduled,0,16:00,Gillingham,Cardiff City,,,,,,843304,football/matches/gillingham-cardiff-city-05-01-2019-843304,,,,,,,,,,
scheduled,0,16:00,Guiseley,Leamington,,,,,,560982,football/matches/guiseley-leamington-05-01-2019-560982,x,x,77.0,84.0,,2.07,3.35,3.0,x,
scheduled,0,16:00,Welling United,Woking,,,,,,560148,football/matches/welling-united-woking-05-01-2019-560148,,,,,,,,,,
scheduled,0,16:00,East Thurrock United,Gloucester City,,,,,,560319,football/matches/east-thurrock-united-gloucester-city-05-01-2019-560319,,,,,,,,,,
scheduled,0,16:00,Hungerford Town,Concord Rangers,,,,,,560343,football/matches/hungerford-town-concord-rangers-05-01-2019-560343,,,,,,,,,,
scheduled,0,16:00,Wealdstone,Dartford,,,,,,560772,football/matches/wealdstone-dartford-05-01-2019-560772,x,x,76.0,85.0,,1.62,3.65,4.3,x,
scheduled,0,16:00,Dulwich Hamlet,Bath City,,,,,,560841,football/matches/dulwich-hamlet-bath-city-05-01-2019-560841,,,,,,,,,,
scheduled,0,16:00,Chelsea,Nottingham Forest,,,,,,843292,football/matches/chelsea-nottingham-forest-05-01-2019-843292,,,,,,,,,,
scheduled,0,16:00,Chippenham Town,Eastbourne Borough,,,,,,561138,football/matches/chippenham-town-eastbourne-borough-05-01-2019-561138,,,,,,,,,,
scheduled,0,16:00,Chelmsford City,Hampton & Richmond Borough,,,,,,577989,football/matches/chelmsford-city-hampton-richmond-borough-05-01-2019-577989,,,,,,,,,,
scheduled,0,16:00,Wrexham,Dover Athletic,,,,,,559242,football/matches/wrexham-dover-athletic-05-01-2019-559242,,x,,74.0,,,,,,
scheduled,0,16:00,Havant & Waterlooville,Barrow,,,,,,558948,football/matches/havant-waterlooville-barrow-05-01-2019-558948,,,,,,,,,,
scheduled,0,16:00,Dagenham & Redbridge,Boreham Wood,,,,,,558876,football/matches/dagenham-redbridge-boreham-wood-05-01-2019-558876,x,x,70.0,78.0,,,,,,
scheduled,0,16:00,Rodez Aveyron (Women),Olympique Lyon (Women),,,,,,879874,football/matches/rodez-aveyron-women-olympique-lyon-women-05-01-2019-879874,,,,,,,,,,
scheduled,0,16:00,Bolton,Walsall,,,,,,857986,football/matches/bolton-walsall-05-01-2019-857986,,,,,,2.0,3.2,4.0,x,
scheduled,0,16:00,Derby County,Southampton,,,,,,843265,football/matches/derby-county-southampton-05-01-2019-843265,,,,,,,,,,
scheduled,0,16:00,Blyth Spartans,Alfreton Town,,,,,,560208,football/matches/blyth-spartans-alfreton-town-05-01-2019-560208,,,,,,,,,,
scheduled,0,16:00,Macclesfield Town,Swindon Town,,,,,,505479,football/matches/macclesfield-town-swindon-town-05-01-2019-505479,,,,,,,,,,
scheduled,0,16:00,Chesterfield,Ebbsfleet United,,,,,,604429,football/matches/chesterfield-ebbsfleet-united-05-01-2019-604429,,,,,,,,,,
scheduled,0,16:00,Cambridge United,Stevenage,,,,,,505092,football/matches/cambridge-united-stevenage-05-01-2019-505092,x,,72.0,,,,,,,
scheduled,0,16:00,Rochdale,Burton Albion,,,,,,506253,football/matches/rochdale-burton-albion-05-01-2019-506253,,,,,,,,,,
scheduled,0,16:00,Charlton Athletic,Sunderland,,,,,,507126,football/matches/charlton-athletic-sunderland-05-01-2019-507126,,x,,75.0,,,,,,
scheduled,0,16:00,Scunthorpe United,Coventry City,,,,,,507837,football/matches/scunthorpe-united-coventry-city-05-01-2019-507837,,,,,,,,,,
scheduled,0,16:00,Colchester United,Notts County,,,,,,505146,football/matches/colchester-united-notts-county-05-01-2019-505146,,,,,,,,,,
scheduled,0,16:00,Yeovil Town,Bury FC,,,,,,505170,football/matches/yeovil-town-bury-fc-05-01-2019-505170,,,,,,,,,,
scheduled,0,16:00,Crawley Town,Cheltenham Town,,,,,,505209,football/matches/crawley-town-cheltenham-town-05-01-2019-505209,,,,,,,,,,
scheduled,0,16:00,Everton,Lincoln City,,,,,,843307,football/matches/everton-lincoln-city-05-01-2019-843307,,,,,,,,,,
scheduled,0,16:00,Morecambe,Crewe Alexandra,,,,,,509796,football/matches/morecambe-crewe-alexandra-05-01-2019-509796,,,,,,,,,,
scheduled,0,16:00,Carlisle United,Mansfield Town,,,,,,520023,football/matches/carlisle-united-mansfield-town-05-01-2019-520023,,,,,,,,,,
scheduled,0,16:00,Hartlepool United,Maidstone United,,,,,,559317,football/matches/hartlepool-united-maidstone-united-05-01-2019-559317,,x,,77.0,,,,,,
scheduled,0,16:00,Manchester City U23,West Ham United U23,,,,,,879814,football/matches/manchester-city-u23-west-ham-united-u23-05-01-2019-879814,,,,,,,,,,
scheduled,0,16:00,Solihull Moors,Eastleigh,,,,,,559275,football/matches/solihull-moors-eastleigh-05-01-2019-559275,x,x,77.0,79.0,,1.85,3.4,3.9,x,
scheduled,0,16:00,Monterrey U20,Pachuca U20,,,,,,874225,football/matches/monterrey-u20-pachuca-u20-05-01-2019-874225,,,,,,,,,,
scheduled,0,16:00,Stratford Town,Alvechurch,,,,,,877525,football/matches/stratford-town-alvechurch-05-01-2019-877525,,,,,,,,,,
scheduled,0,16:00,Scarborough Athletic,Hednesford Town,,,,,,624690,football/matches/scarborough-athletic-hednesford-town-05-01-2019-624690,,,,,,,,,,
scheduled,0,16:00,Bognor Regis Town,Carshalton Athletic,,,,,,618973,football/matches/bognor-regis-town-carshalton-athletic-05-01-2019-618973,,x,,86.0,,,,,,
scheduled,0,16:00,Bishop's Stortford,Kingstonian,,,,,,618625,football/matches/bishop-s-stortford-kingstonian-05-01-2019-618625,x,x,81.0,87.0,,2.3,3.3,2.43,x,
scheduled,0,16:00,Fleetwood Town,Wimbledon,,,,,,845650,football/matches/fleetwood-town-wimbledon-05-01-2019-845650,,,,,,,,,,
scheduled,0,16:00,Buxton,Whitby Town,,,,,,626226,football/matches/buxton-whitby-town-05-01-2019-626226,,,,,,,,,,
scheduled,0,16:00,Bamber Bridge,Grantham Town,,,,,,624696,football/matches/bamber-bridge-grantham-town-05-01-2019-624696,x,x,73.0,88.0,,,,,,
scheduled,0,16:15,Vikingur Reykjavik,Reykjavik,,,,,,879895,football/matches/vikingur-reykjavik-reykjavik-05-01-2019-879895,,,,,,,,,,
scheduled,0,16:15,Alaves,Valencia,,,,,,861268,football/matches/alaves-valencia-05-01-2019-861268,,,,,,3.1,3.25,2.45,,
scheduled,0,16:30,RSD Alcala,Cd Vicalvaro,,,,,,879286,football/matches/rsd-alcala-cd-vicalvaro-05-01-2019-879286,,,,,,,,,,
scheduled,0,16:30,Alcobendas Sport,Canillas,,,,,,879280,football/matches/alcobendas-sport-canillas-05-01-2019-879280,,,,,,,,,,
scheduled,0,16:30,Amorebieta,Sporting Gijon B,,,,,,877951,football/matches/amorebieta-sporting-gijon-b-05-01-2019-877951,,,,,,,,,,
scheduled,0,16:30,Club Olímpico de Totana,Minerva Punjab FC,,,,,,879247,football/matches/club-olimpico-de-totana-minerva-punjab-fc-05-01-2019-879247,,,,,,,,,,
scheduled,0,16:45,Ouakam,Diambars,,,,,,879514,football/matches/ouakam-diambars-05-01-2019-879514,,,,,,,,,,
scheduled,0,16:45,Paulista SP U20,Porto PE U20,,,,,,879202,football/matches/paulista-sp-u20-porto-pe-u20-05-01-2019-879202,,,,,,,,,,
scheduled,0,16:45,Batatais U20,Internacional U20,,,,,,879172,football/matches/batatais-u20-internacional-u20-05-01-2019-879172,x,x,80.0,100.0,,11.0,6.5,1.2,,
scheduled,0,17:00,Beasain,Amurrio,,,,,,879271,football/matches/beasain-amurrio-05-01-2019-879271,,,,,,,,,,
scheduled,0,17:00,Generation Foot,Dakar Sacre-Cœur,,,,,,880141,football/matches/generation-foot-dakar-sacre-coeur-05-01-2019-880141,,,,,,,,,,
scheduled,0,17:00,Free State Stars,Bidvest Wits,,,,,,607381,football/matches/free-state-stars-bidvest-wits-05-01-2019-607381,,x,,70.0,,3.8,3.55,1.8,,x
scheduled,0,17:00,Hapoel Haifa,Hapoel Hadera,,,,,,519174,football/matches/hapoel-haifa-hapoel-hadera-05-01-2019-519174,,x,,92.0,,1.97,3.25,3.35,x,
scheduled,0,17:00,WA Tlemcen,Blida,,,,,,812581,football/matches/wa-tlemcen-blida-05-01-2019-812581,,,,,,,,,,
scheduled,0,17:00,Nacional Asuncion U19,Padroense U19,,,,,,879445,football/matches/nacional-asuncion-u19-padroense-u19-05-01-2019-879445,,,,,,,,,,
scheduled,0,17:00,United Arab Emirates,Bahrain,,,,,,469876,football/matches/united-arab-emirates-bahrain-05-01-2019-469876,,,,,,1.63,3.4,5.6,x,
scheduled,0,17:00,EDMF Churra,CF La Union,,,,,,879253,football/matches/edmf-churra-cf-la-union-05-01-2019-879253,,,,,,,,,,
scheduled,0,17:00,Logrones,Racing,,,,,,616681,football/matches/logrones-racing-05-01-2019-616681,,,,,,,,,,
scheduled,0,17:15,Hottur Egilsstadir,Tindastoll,,,,,,879898,football/matches/hottur-egilsstadir-tindastoll-05-01-2019-879898,,,,,,,,,,
scheduled,0,17:15,Maccabi Petah Tikva,Maccabi Haifa,,,,,,519306,football/matches/maccabi-petah-tikva-maccabi-haifa-05-01-2019-519306,,,,,,3.35,3.15,2.02,,x
scheduled,0,17:30,Deportivo,Lugo,,,,,,869779,football/matches/deportivo-lugo-05-01-2019-869779,,,,,,,,,,
scheduled,0,17:30,Villarrubia CF,Villarrobledo,,,,,,879325,football/matches/villarrubia-cf-villarrobledo-05-01-2019-879325,,,,,,,,,,
scheduled,0,17:45,Paradou,MC Alger,,,,,,812602,football/matches/paradou-mc-alger-05-01-2019-812602,,,,,,2.35,3.3,2.6,x,
scheduled,0,17:55,Al Ahli Jeddah,Al-Riyadh SC,,,,,,879826,football/matches/al-ahli-jeddah-al-riyadh-sc-05-01-2019-879826,,,,,,,,,,
scheduled,0,18:00,Sete 34,Limonest,,,,,,877492,football/matches/sete-34-limonest-05-01-2019-877492,,,,,,,,,,
scheduled,0,18:00,Saint-Quentin,Metz,,,,,,854713,football/matches/saint-quentin-metz-05-01-2019-854713,,,,,,,,,,
scheduled,0,18:00,Toulouse,Nice,,,,,,869281,football/matches/toulouse-nice-05-01-2019-869281,,,,,,,,,,
scheduled,0,18:00,Gravelines,Villefranche-Beaujolais FC,,,,,,879628,football/matches/gravelines-villefranche-beaujolais-fc-05-01-2019-879628,,,,,,,,,,
scheduled,0,18:00,Schiltigheim,Dijon,,,,,,854734,football/matches/schiltigheim-dijon-05-01-2019-854734,,,,,,12.5,5.5,1.22,,
scheduled,0,18:00,Doxa,APOEL,,,,,,564582,football/matches/doxa-apoel-05-01-2019-564582,x,x,78.0,75.0,,7.5,4.8,1.3,,
scheduled,0,18:00,Red Star,Caen,,,,,,854716,football/matches/red-star-caen-05-01-2019-854716,,,,,,3.25,2.95,2.33,,x
scheduled,0,18:00,Rouen,Dieppe,,,,,,879505,football/matches/rouen-dieppe-05-01-2019-879505,,,,,,,,,,
scheduled,0,18:00,Portimonense U23,Sporting Clube de Portugal U23,,,,,,879412,football/matches/portimonense-u23-sporting-clube-de-portugal-u23-05-01-2019-879412,,,,,,,,,,
scheduled,0,18:00,EA Guingamp (Women),Brest (Women),,,,,,879871,football/matches/ea-guingamp-women-brest-women-05-01-2019-879871,,,,,,,,,,
scheduled,0,18:00,Blagnac,Toulouse Rodeo,,,,,,879502,football/matches/blagnac-toulouse-rodeo-05-01-2019-879502,,,,,,,,,,
scheduled,0,18:15,Fjolnir,Leiknir Reykjavik,,,,,,879892,football/matches/fjolnir-leiknir-reykjavik-05-01-2019-879892,,,,,,,,,,
scheduled,0,18:15,Young Africans FC,Azam,,,,,,880081,football/matches/young-africans-fc-azam-05-01-2019-880081,,,,,,,,,,
scheduled,0,18:30,Blackpool,Arsenal,,,,,,862885,football/matches/blackpool-arsenal-05-01-2019-862885,,,,,,12.5,6.25,1.25,,
scheduled,0,18:30,Norwich City,Portsmouth,,,,,,843298,football/matches/norwich-city-portsmouth-05-01-2019-843298,,,,,,,,,,
scheduled,0,18:30,JD Somorrostro,Pasaia,,,,,,879265,football/matches/jd-somorrostro-pasaia-05-01-2019-879265,,,,,,,,,,
scheduled,0,18:30,Bristol City,Huddersfield Town,,,,,,843274,football/matches/bristol-city-huddersfield-town-05-01-2019-843274,,,,,,,,,,
scheduled,0,18:30,Crystal Palace,Grimsby Town,,,,,,843328,football/matches/crystal-palace-grimsby-town-05-01-2019-843328,,,,,,,,,,
scheduled,0,18:30,Newcastle United,Blackburn Rovers,,,,,,843517,football/matches/newcastle-united-blackburn-rovers-05-01-2019-843517,,,,,,,,,,
scheduled,0,19:00,Dakar,Mbour Petite Cote,,,,,,879289,football/matches/dakar-mbour-petite-cote-05-01-2019-879289,,,,,,,,,,
scheduled,0,19:00,Alagoinhas,Sociedade Boca Junior FС,,,,,,880075,football/matches/alagoinhas-sociedade-boca-junior-f-05-01-2019-880075,,,,,,,,,,
scheduled,0,19:00,Red Bull Brasil U20,Vila Nova U20,,,,,,879205,football/matches/red-bull-brasil-u20-vila-nova-u20-05-01-2019-879205,,,,,,,,,,
scheduled,0,19:00,Votuporanguense U20,Trem U20,,,,,,879181,football/matches/votuporanguense-u20-trem-u20-05-01-2019-879181,,x,,80.0,,1.15,7.0,14.0,,
scheduled,0,19:00,Ahi Acre,Maccabi Sektzia Ma'alot-Tarshiha,,,,,,879115,football/matches/ahi-acre-maccabi-sektzia-ma-alot-tarshiha-05-01-2019-879115,,,,,,,,,,
scheduled,0,19:15,Highlands Park,Orlando Pirates,,,,,,599005,football/matches/highlands-park-orlando-pirates-05-01-2019-599005,x,x,70.0,70.0,,,,,,
scheduled,0,19:30,Bnei Sakhnin,Beitar Jerusalem,,,,,,519249,football/matches/bnei-sakhnin-beitar-jerusalem-05-01-2019-519249,x,x,82.0,82.0,,,,,,
scheduled,0,19:30,Lagarto,Fluminense de Feira BA,,,,,,879649,football/matches/lagarto-fluminense-de-feira-ba-05-01-2019-879649,,,,,,,,,,
scheduled,0,19:30,Operario,Cascavel PR,,,,,,879637,football/matches/operario-cascavel-pr-05-01-2019-879637,,,,,,,,,,
scheduled,0,19:30,Cuiaba U20,Botafogo U20,,,,,,879187,football/matches/cuiaba-u20-botafogo-u20-05-01-2019-879187,,,,,,,,,,
scheduled,0,19:30,Jacyoba AC,Itabaiana SE,,,,,,880078,football/matches/jacyoba-ac-itabaiana-se-05-01-2019-880078,,,,,,,,,,
scheduled,0,19:45,Velo Clube Rioclarense SP U20,Rio Claro SP U20,,,,,,879211,football/matches/velo-clube-rioclarense-sp-u20-rio-claro-sp-u20-05-01-2019-879211,,,,,,,,,,
scheduled,0,19:45,Marilia Sp U20,CA Babacu U20,,,,,,879199,football/matches/marilia-sp-u20-ca-babacu-u20-05-01-2019-879199,,,,,,,,,,
finished,0,1:45,Honduras Progreso,Marathon,1 - 0,1,0,,,880063,football/matches/honduras-progreso-marathon-05-01-2019-880063,,,,,,,,,,
finished,0,1:45,Atlante,Cimarrones,5 - 1,5,1,,,879775,football/matches/atlante-cimarrones-05-01-2019-879775,,,,,,,,,,
scheduled,0,20:00,Nautico,Treze PB,,,,,,879634,football/matches/nautico-treze-pb-05-01-2019-879634,,,,,,,,,,
scheduled,0,20:00,Hercílio Luz,Novo Hamburgo RS,,,,,,879631,football/matches/hercilio-luz-novo-hamburgo-rs-05-01-2019-879631,,,,,,,,,,
scheduled,0,20:00,Ferroviaria,Uniclinic CE,,,,,,879925,football/matches/ferroviaria-uniclinic-ce-05-01-2019-879925,,,,,,,,,,
scheduled,0,20:00,Botafogo,Serrano PB,,,,,,879643,football/matches/botafogo-serrano-pb-05-01-2019-879643,,,,,,,,,,
scheduled,0,20:00,Horizonte CE,Guarani,,,,,,880144,football/matches/horizonte-ce-guarani-05-01-2019-880144,,,,,,,,,,
scheduled,0,20:30,Crystal Palace (Women),Millwall Lionesses LFC (Women),,,,,,879889,football/matches/crystal-palace-women-millwall-lionesses-lfc-women-05-01-2019-879889,,,,,,,,,,
scheduled,0,20:30,Castleview,Wilton United,,,,,,879904,football/matches/castleview-wilton-united-05-01-2019-879904,,,,,,,,,,
scheduled,0,20:45,Huesca,Real Betis,,,,,,582148,football/matches/huesca-real-betis-05-01-2019-582148,,x,,78.0,,,,,,
scheduled,0,20:55,Bourges,Lyon,,,,,,877741,football/matches/bourges-lyon-05-01-2019-877741,,,,,,19.0,11.0,1.07,,
scheduled,0,21:00,Associacao Atletica Coruripe,Sergipe SE,,,,,,879646,football/matches/associacao-atletica-coruripe-sergipe-se-05-01-2019-879646,,,,,,,,,,
scheduled,0,21:30,Maritimo,Portimonense,,,,,,877348,football/matches/maritimo-portimonense-05-01-2019-877348,,x,,71.0,,2.7,3.05,2.7,,
scheduled,0,21:45,AA Francana U20,Novo Horizonte U20,,,,,,879169,football/matches/aa-francana-u20-novo-horizonte-u20-05-01-2019-879169,,,,,,,,,,
finished,0,22:00,Santos U20,Club Sportivo Sergipe U20,5 - 1,5,1,,,878329,football/matches/santos-u20-club-sportivo-sergipe-u20-04-01-2019-878329,,,,,,,,,,
finished,0,22:00,Estrella U19,Guia U19,1 - 0,1,0,,,878638,football/matches/estrella-u19-guia-u19-04-01-2019-878638,,,,,,,,,,
finished,0,22:00,Magni,Leiknir Faskruosfiroi,1 - 0,1,0,,,878734,football/matches/magni-leiknir-faskruosfiroi-04-01-2019-878734,,,,,,,,,,
finished,0,22:15,Audax SP U20,Sete de Setembro U20,2 - 0,2,0,,,878893,football/matches/audax-sp-u20-sete-de-setembro-u20-04-01-2019-878893,,,,,,,,,,
finished,0,22:30,Cruz Azul (Women),Pachuca (Women),2 - 4,2,4,,,878344,football/matches/cruz-azul-women-pachuca-women-04-01-2019-878344,,,,,,,,,,
finished,0,22:45,Necaxa (Women),Santos Laguna (Women),0 - 1,0,1,,,878347,football/matches/necaxa-women-santos-laguna-women-04-01-2019-878347,,,,,,,,,,
finished,0,22:45,Newbridge Town,Home Farm,2 - 1,2,1,,,878536,football/matches/newbridge-town-home-farm-04-01-2019-878536,,,,,,,,,,
finished,0,23:00,Round Rock Dragons (Women),Santa Margarita Eagles (Women),1 - 0,1,0,,,880282,football/matches/round-rock-dragons-women-santa-margarita-eagles-women-04-01-2019-880282,,,,,,,,,,
finished,0,23:15,Maynooth University Town,Swords Celtic,1 - 3,1,3,,,878533,football/matches/maynooth-university-town-swords-celtic-04-01-2019-878533,,,,,,,,,,
finished,0,2:00,Saint Benilde Blazers,Lyceum of the Philippines University,2 - 0,2,0,,,880420,football/matches/saint-benilde-blazers-lyceum-of-the-philippines-university-05-01-2019-880420,,,,,,,,,,
finished,0,3:30,Perth Glory U21,Adelaide United U21,4 - 2,4,2,,,879103,football/matches/perth-glory-u21-adelaide-united-u21-05-01-2019-879103,,,,,,,,,,
finished,0,6:00,Melbourne Victory (Women),Melbourne City (Women),1 - 0,1,0,,,879868,football/matches/melbourne-victory-women-melbourne-city-women-05-01-2019-879868,,,,,,,,,,
finished,0,6:26,Jawalakhel,Chyasal (Youth),1 - 1,1,1,,,880492,football/matches/jawalakhel-chyasal-youth-05-01-2019-880492,,,,,,,,,,
finished,0,7:00,Colegio San Juan Letran Knights,Arellano University Chiefs,0 - 9,0,9,,,880675,football/matches/colegio-san-juan-letran-knights-arellano-university-chiefs-05-01-2019-880675,,,,,,,,,,
finished,0,7:15,Adelaide United,Wellington Phoenix,0 - 0,0,0,,,822853,football/matches/adelaide-united-wellington-phoenix-05-01-2019-822853,x,x,79.0,83.0,,,,,,
scheduled,0,8:00,Pakistan Navy FC,Civil Aviation Authority,,,,,,817891,football/matches/pakistan-navy-fc-civil-aviation-authority-05-01-2019-817891,,,,,,,,,,
scheduled,0,8:00,PAF,Sui Northern Gas Pipeline Limited,,,,,,804928,football/matches/paf-sui-northern-gas-pipeline-limited-05-01-2019-804928,,,,,,,,,,
scheduled,0,8:45,Khonkaen,Buriram United,,,,,,880723,football/matches/khonkaen-buriram-united-05-01-2019-880723,,,,,,,,,,
live,3,8:45,Sydney U21,Central Coast Mariners Academy U21,0 - 0,0,0,,,879106,football/matches/sydney-u21-central-coast-mariners-academy-u21-05-01-2019-879106,,,,,,,,,,
live,15,8:45,Ozone,Bengaluru United,0 - 0,0,0,,,879229,football/matches/ozone-bengaluru-united-05-01-2019-879229,,,,,,,,,,
live,23,8:45,Hapoel Asi Gilboa U19,Hapoel Dir Hanna U19,1 - 0,1,0,,,879841,football/matches/hapoel-asi-gilboa-u19-hapoel-dir-hanna-u19-05-01-2019-879841,,,,,,,,,,
scheduled,0,9:00,Khon Kaen United,Buriram United,,,,,,879769,football/matches/khon-kaen-united-buriram-united-05-01-2019-879769,,,,,,,,,,
live,30,9:00,Voskhod DUSSH U17,Siberia U17,3 - 0,3,0,,,880726,football/matches/voskhod-dussh-u17-siberia-u17-05-01-2019-880726,,,,,,,,,,
live,2,9:15,Hapoel Mahane Yehuda U19,Maccabi Yavne Shimon U19,0 - 0,0,0,,,879487,football/matches/hapoel-mahane-yehuda-u19-maccabi-yavne-shimon-u19-05-01-2019-879487,,,,,,,,,,
live,2,9:15,Hapoel Ramat Gan Giv'atayim U19,Hapoel Tel Aviv U19,0 - 0,0,0,,,879076,football/matches/hapoel-ramat-gan-giv-atayim-u19-hapoel-tel-aviv-u19-05-01-2019-879076,,,,,,,,,,
scheduled,0,9:15,Shimshon Tel Aviv U19,Hapoel Bnei Lod U19,,,,,,879481,football/matches/shimshon-tel-aviv-u19-hapoel-bnei-lod-u19-05-01-2019-879481,,,,,,,,,,
live,3,9:15,Aizawl,Pailan Arrows,0 - 0,0,0,,,822925,football/matches/aizawl-pailan-arrows-05-01-2019-822925,,,,,,,,,,
scheduled,0,9:15,Hapoel Acre U19,Ihud Bnei Baqa U19,,,,,,879484,football/matches/hapoel-acre-u19-ihud-bnei-baqa-u19-05-01-2019-879484,,,,,,,,,,
live,21,9:20,Leonov-MFL,ESPC Stariy Oskol,0 - 3,0,3,,,880732,football/matches/leonov-mfl-espc-stariy-oskol-05-01-2019-880732,,,,,,,,,,
scheduled,0,9:45,Hapoel Rishon LeZion U19,Gadna Tel Aviv Yehuda U19,,,,,,879490,football/matches/hapoel-rishon-lezion-u19-gadna-tel-aviv-yehuda-u19-05-01-2019-879490,,,,,,,,,,
scheduled,0,9:45,Maccabi Yafo Kabilyo U19,Hapoel Katamon Jerusalem U19,,,,,,879478,football/matches/maccabi-yafo-kabilyo-u19-hapoel-katamon-jerusalem-u19-05-01-2019-879478,,,,,,,,,,
scheduled,0,9:45,Hapoel Petah Tikva U19,Maccabi Ironi Bat Yam U19,,,,,,879469,football/matches/hapoel-petah-tikva-u19-maccabi-ironi-bat-yam-u19-05-01-2019-879469,,,,,,,,,,
scheduled,0,9:50,Western Sydney,Melbourne Victory,,,,,,833392,football/matches/western-sydney-melbourne-victory-05-01-2019-833392,,,,,,,,,,
